Round,Date,Time,Team 1,FT,Team 2,Venue,Att,Comments
1,Sat Sep 19 2020,18:00,Fiorentina,1-0,Torino,Stadio Artemio Franchi,,
1,Sat Sep 19 2020,20:45,Hellas Verona,3-0,Roma,Stadio Marc'Antonio Bentegodi,,Match awarded to Hellas Verona
1,Sun Sep 20 2020,12:30,Parma,0-2,Napoli,Stadio Ennio Tardini,1000,
1,Sun Sep 20 2020,15:00,Genoa,4-1,Crotone,Stadio Comunale Luigi Ferraris,,
1,Sun Sep 20 2020,18:00,Sassuolo,1-1,Cagliari,Stadio Città del Tricolore,850,
1,Sun Sep 20 2020,20:45,Juventus,3-0,Sampdoria,Allianz Stadium,1000,
1,Mon Sep 21 2020,20:45,Milan,2-0,Bologna,Stadio Giuseppe Meazza,1000,
2,Sat Sep 26 2020,15:00,Torino,2-4,Atalanta,Stadio Olimpico di Torino,1000,
2,Sat Sep 26 2020,18:00,Cagliari,0-2,Lazio,Sardegna Arena,1000,
2,Sat Sep 26 2020,18:00,Sampdoria,2-3,Benevento,Stadio Comunale Luigi Ferraris,1000,
2,Sat Sep 26 2020,20:45,Inter,4-3,Fiorentina,Stadio Giuseppe Meazza,1000,
2,Sun Sep 27 2020,12:30,Spezia,1-4,Sassuolo,Stadio Dino Manuzzi,1000,
2,Sun Sep 27 2020,15:00,Hellas Verona,1-0,Udinese,Stadio Marc'Antonio Bentegodi,1000,
2,Sun Sep 27 2020,18:00,Napoli,6-0,Genoa,Stadio San Paolo,1000,
2,Sun Sep 27 2020,18:00,Crotone,0-2,Milan,Stadio Ezio Scida,,
2,Sun Sep 27 2020,20:45,Roma,2-2,Juventus,Stadio Olimpico,1000,
2,Mon Sep 28 2020,20:45,Bologna,4-1,Parma,Stadio Renato Dall'Ara,1000,
1,Wed Sep 30 2020,18:00,Udinese,0-2,Spezia,Dacia Arena,1000,
1,Wed Sep 30 2020,18:00,Benevento,2-5,Inter,Stadio Ciro Vigorito,1000,
1,Wed Sep 30 2020,20:45,Lazio,1-4,Atalanta,Stadio Olimpico,1000,
3,Fri Oct 2 2020,20:45,Fiorentina,1-2,Sampdoria,Stadio Artemio Franchi,1000,
3,Sat Oct 3 2020,15:00,Sassuolo,4-1,Crotone,Stadio Città del Tricolore,1000,
3,Sat Oct 3 2020,20:45,Udinese,0-1,Roma,Dacia Arena,1000,
3,Sun Oct 4 2020,12:30,Atalanta,5-2,Cagliari,Stadio Atleti Azzurri d'Italia,1000,
3,Sun Oct 4 2020,15:00,Lazio,1-1,Inter,Stadio Olimpico,1000,
3,Sun Oct 4 2020,15:00,Parma,1-0,Hellas Verona,Stadio Ennio Tardini,1000,
3,Sun Oct 4 2020,15:00,Benevento,1-0,Bologna,Stadio Ciro Vigorito,1000,
3,Sun Oct 4 2020,18:00,Milan,3-0,Spezia,Stadio Giuseppe Meazza,1000,
3,Sun Oct 4 2020,20:45,Juventus,3-0,Napoli,Allianz Stadium,,Match awarded to Juventus
4,Sat Oct 17 2020,15:00,Napoli,4-1,Atalanta,Stadio San Paolo,1000,
4,Sat Oct 17 2020,18:00,Sampdoria,3-0,Lazio,Stadio Comunale Luigi Ferraris,1000,
4,Sat Oct 17 2020,18:00,Inter,1-2,Milan,Stadio Giuseppe Meazza,1000,
4,Sat Oct 17 2020,20:45,Crotone,1-1,Juventus,Stadio Ezio Scida,1000,
4,Sun Oct 18 2020,12:30,Bologna,3-4,Sassuolo,Stadio Renato Dall'Ara,1000,
4,Sun Oct 18 2020,15:00,Torino,2-3,Cagliari,Stadio Olimpico di Torino,1000,
4,Sun Oct 18 2020,15:00,Spezia,2-2,Fiorentina,Stadio Dino Manuzzi,1000,
4,Sun Oct 18 2020,18:00,Udinese,3-2,Parma,Dacia Arena,1000,
4,Sun Oct 18 2020,20:45,Roma,5-2,Benevento,Stadio Olimpico,1000,
4,Mon Oct 19 2020,20:45,Hellas Verona,0-0,Genoa,Stadio Marc'Antonio Bentegodi,10002,
5,Fri Oct 23 2020,20:45,Sassuolo,3-3,Torino,Stadio Città del Tricolore,700,
5,Sat Oct 24 2020,15:00,Atalanta,1-3,Sampdoria,Stadio Atleti Azzurri d'Italia,1000,
5,Sat Oct 24 2020,18:00,Genoa,0-2,Inter,Stadio Comunale Luigi Ferraris,1000,
5,Sat Oct 24 2020,20:45,Lazio,2-1,Bologna,Stadio Olimpico,1000,
5,Sun Oct 25 2020,12:30,Cagliari,4-2,Crotone,Sardegna Arena,1000,
5,Sun Oct 25 2020,15:00,Benevento,1-2,Napoli,Stadio Ciro Vigorito,1000,
5,Sun Oct 25 2020,15:00,Parma,2-2,Spezia,Stadio Ennio Tardini,1000,
5,Sun Oct 25 2020,18:00,Fiorentina,3-2,Udinese,Stadio Artemio Franchi,1000,
5,Sun Oct 25 2020,20:45,Juventus,1-1,Hellas Verona,Allianz Stadium,1000,
5,Mon Oct 26 2020,20:45,Milan,3-3,Roma,Stadio Giuseppe Meazza,,
6,Sat Oct 31 2020,15:00,Crotone,1-2,Atalanta,Stadio Ezio Scida,,
6,Sat Oct 31 2020,18:00,Inter,2-2,Parma,Stadio Giuseppe Meazza,,
6,Sat Oct 31 2020,20:45,Bologna,3-2,Cagliari,Stadio Renato Dall'Ara,,
6,Sun Nov 1 2020,12:30,Udinese,1-2,Milan,Dacia Arena,,
6,Sun Nov 1 2020,15:00,Torino,3-4,Lazio,Stadio Olimpico di Torino,,
6,Sun Nov 1 2020,15:00,Spezia,1-4,Juventus,Stadio Dino Manuzzi,,
6,Sun Nov 1 2020,18:00,Roma,2-0,Fiorentina,Stadio Olimpico,,
6,Sun Nov 1 2020,18:00,Napoli,0-2,Sassuolo,Stadio San Paolo,,
6,Sun Nov 1 2020,20:45,Sampdoria,1-1,Genoa,Stadio Comunale Luigi Ferraris,,
6,Mon Nov 2 2020,20:45,Hellas Verona,3-1,Benevento,Stadio Marc'Antonio Bentegodi,,
3,Wed Nov 4 2020,17:00,Genoa,1-2,Torino,Stadio Comunale Luigi Ferraris,,
7,Fri Nov 6 2020,20:45,Sassuolo,0-0,Udinese,Stadio Città del Tricolore,,
7,Sat Nov 7 2020,15:00,Cagliari,2-0,Sampdoria,Sardegna Arena,,
7,Sat Nov 7 2020,18:00,Benevento,0-3,Spezia,Stadio Ciro Vigorito,,
7,Sat Nov 7 2020,20:45,Parma,0-0,Fiorentina,Stadio Ennio Tardini,,
7,Sun Nov 8 2020,12:30,Lazio,1-1,Juventus,Stadio Olimpico,,
7,Sun Nov 8 2020,15:00,Atalanta,1-1,Inter,Stadio Atleti Azzurri d'Italia,,
7,Sun Nov 8 2020,15:00,Genoa,1-3,Roma,Stadio Comunale Luigi Ferraris,,
7,Sun Nov 8 2020,15:00,Torino,0-0,Crotone,Stadio Olimpico di Torino,,
7,Sun Nov 8 2020,18:00,Bologna,0-1,Napoli,Stadio Renato Dall'Ara,,
7,Sun Nov 8 2020,20:45,Milan,2-2,Hellas Verona,Stadio Giuseppe Meazza,,
8,Sat Nov 21 2020,15:00,Crotone,0-2,Lazio,Stadio Ezio Scida,,
8,Sat Nov 21 2020,18:00,Spezia,0-0,Atalanta,Stadio Dino Manuzzi,,
8,Sat Nov 21 2020,20:45,Juventus,2-0,Cagliari,Allianz Stadium,,
8,Sun Nov 22 2020,12:30,Fiorentina,0-1,Benevento,Stadio Artemio Franchi,,
8,Sun Nov 22 2020,15:00,Hellas Verona,0-2,Sassuolo,Stadio Marc'Antonio Bentegodi,,
8,Sun Nov 22 2020,15:00,Inter,4-2,Torino,Stadio Giuseppe Meazza,,
8,Sun Nov 22 2020,15:00,Roma,3-0,Parma,Stadio Olimpico,,
8,Sun Nov 22 2020,15:00,Sampdoria,1-2,Bologna,Stadio Comunale Luigi Ferraris,,
8,Sun Nov 22 2020,18:00,Udinese,1-0,Genoa,Dacia Arena,,
8,Sun Nov 22 2020,20:45,Napoli,1-3,Milan,Stadio San Paolo,,
9,Sat Nov 28 2020,15:00,Sassuolo,,Inter,Stadio Città del Tricolore,,
9,Sat Nov 28 2020,18:00,Benevento,,Juventus,Stadio Ciro Vigorito,,
9,Sat Nov 28 2020,20:45,Atalanta,,Hellas Verona,Stadio Atleti Azzurri d'Italia,,
9,Sun Nov 29 2020,12:30,Lazio,,Udinese,Stadio Olimpico,,
9,Sun Nov 29 2020,15:00,Milan,,Fiorentina,Stadio Giuseppe Meazza,,
9,Sun Nov 29 2020,15:00,Bologna,,Crotone,Stadio Renato Dall'Ara,,
9,Sun Nov 29 2020,18:00,Cagliari,,Spezia,Sardegna Arena,,
9,Sun Nov 29 2020,20:45,Napoli,,Roma,Stadio San Paolo,,
9,Mon Nov 30 2020,18:30,Torino,,Sampdoria,Stadio Olimpico di Torino,,
9,Mon Nov 30 2020,20:45,Genoa,,Parma,Stadio Comunale Luigi Ferraris,,
10,Sat Dec 5 2020,15:00,Spezia,,Lazio,Stadio Dino Manuzzi,,
10,Sat Dec 5 2020,18:00,Juventus,,Torino,Allianz Stadium,,
10,Sat Dec 5 2020,20:45,Inter,,Bologna,Stadio Giuseppe Meazza,,
10,Sun Dec 6 2020,12:30,Hellas Verona,,Cagliari,Stadio Marc'Antonio Bentegodi,,
10,Sun Dec 6 2020,15:00,Parma,,Benevento,Stadio Ennio Tardini,,
10,Sun Dec 6 2020,15:00,Roma,,Sassuolo,Stadio Olimpico,,
10,Sun Dec 6 2020,15:00,Udinese,,Atalanta,Dacia Arena,,
10,Sun Dec 6 2020,18:00,Crotone,,Napoli,Stadio Ezio Scida,,
10,Sun Dec 6 2020,20:45,Sampdoria,,Milan,Stadio Comunale Luigi Ferraris,,
10,Mon Dec 7 2020,20:45,Fiorentina,,Genoa,Stadio Artemio Franchi,,
11,Fri Dec 11 2020,20:45,Sassuolo,,Benevento,Stadio Città del Tricolore,,
11,Sat Dec 12 2020,15:00,Crotone,,Spezia,Stadio Ezio Scida,,
11,Sat Dec 12 2020,18:00,Torino,,Udinese,Stadio Olimpico di Torino,,
11,Sat Dec 12 2020,20:45,Lazio,,Hellas Verona,Stadio Olimpico,,
11,Sun Dec 13 2020,12:30,Cagliari,,Inter,Sardegna Arena,,
11,Sun Dec 13 2020,15:00,Atalanta,,Fiorentina,Stadio Atleti Azzurri d'Italia,,
11,Sun Dec 13 2020,15:00,Bologna,,Roma,Stadio Renato Dall'Ara,,
11,Sun Dec 13 2020,15:00,Napoli,,Sampdoria,Stadio San Paolo,,
11,Sun Dec 13 2020,18:00,Genoa,,Juventus,Stadio Comunale Luigi Ferraris,,
11,Sun Dec 13 2020,20:45,Milan,,Parma,Stadio Giuseppe Meazza,,
12,Tue Dec 15 2020,18:30,Udinese,,Crotone,Dacia Arena,,
12,Tue Dec 15 2020,20:45,Benevento,,Lazio,Stadio Ciro Vigorito,,
12,Wed Dec 16 2020,18:30,Juventus,,Atalanta,Allianz Stadium,,
12,Wed Dec 16 2020,20:45,Fiorentina,,Sassuolo,Stadio Artemio Franchi,,
12,Wed Dec 16 2020,20:45,Genoa,,Milan,Stadio Comunale Luigi Ferraris,,
12,Wed Dec 16 2020,20:45,Spezia,,Bologna,Stadio Dino Manuzzi,,
12,Wed Dec 16 2020,20:45,Hellas Verona,,Sampdoria,Stadio Marc'Antonio Bentegodi,,
12,Wed Dec 16 2020,20:45,Inter,,Napoli,Stadio Giuseppe Meazza,,
12,Wed Dec 16 2020,20:45,Parma,,Cagliari,Stadio Ennio Tardini,,
12,Thu Dec 17 2020,20:45,Roma,,Torino,Stadio Olimpico,,
13,Sat Dec 19 2020,15:00,Fiorentina,,Hellas Verona,Stadio Artemio Franchi,,
13,Sat Dec 19 2020,18:00,Sampdoria,,Crotone,Stadio Comunale Luigi Ferraris,,
13,Sat Dec 19 2020,20:45,Parma,,Juventus,Stadio Ennio Tardini,,
13,Sun Dec 20 2020,12:30,Torino,,Bologna,Stadio Olimpico di Torino,,
13,Sun Dec 20 2020,15:00,Inter,,Spezia,Stadio Giuseppe Meazza,,
13,Sun Dec 20 2020,15:00,Benevento,,Genoa,Stadio Ciro Vigorito,,
13,Sun Dec 20 2020,15:00,Cagliari,,Udinese,Sardegna Arena,,
13,Sun Dec 20 2020,15:00,Sassuolo,,Milan,Stadio Città del Tricolore,,
13,Sun Dec 20 2020,18:00,Atalanta,,Roma,Stadio Atleti Azzurri d'Italia,,
13,Sun Dec 20 2020,20:45,Lazio,,Napoli,Stadio Olimpico,,
14,Tue Dec 22 2020,18:30,Crotone,,Parma,Stadio Ezio Scida,,
14,Tue Dec 22 2020,20:45,Juventus,,Fiorentina,Allianz Stadium,,
14,Wed Dec 23 2020,18:30,Hellas Verona,,Inter,Stadio Marc'Antonio Bentegodi,,
14,Wed Dec 23 2020,20:45,Udinese,,Benevento,Dacia Arena,,
14,Wed Dec 23 2020,20:45,Sampdoria,,Sassuolo,Stadio Comunale Luigi Ferraris,,
14,Wed Dec 23 2020,20:45,Napoli,,Torino,Stadio San Paolo,,
14,Wed Dec 23 2020,20:45,Bologna,,Atalanta,Stadio Renato Dall'Ara,,
14,Wed Dec 23 2020,20:45,Roma,,Cagliari,Stadio Olimpico,,
14,Wed Dec 23 2020,20:45,Milan,,Lazio,Stadio Giuseppe Meazza,,
14,Wed Dec 23 2020,20:45,Spezia,,Genoa,Stadio Dino Manuzzi,,
15,Sun Jan 3 2021,12:30,Inter,,Crotone,Stadio Giuseppe Meazza,,
15,Sun Jan 3 2021,15:00,Fiorentina,,Bologna,Stadio Artemio Franchi,,
15,Sun Jan 3 2021,15:00,Parma,,Torino,Stadio Ennio Tardini,,
15,Sun Jan 3 2021,15:00,Atalanta,,Sassuolo,Stadio Atleti Azzurri d'Italia,,
15,Sun Jan 3 2021,15:00,Roma,,Sampdoria,Stadio Olimpico,,
15,Sun Jan 3 2021,15:00,Genoa,,Lazio,Stadio Comunale Luigi Ferraris,,
15,Sun Jan 3 2021,15:00,Cagliari,,Napoli,Sardegna Arena,,
15,Sun Jan 3 2021,15:00,Spezia,,Hellas Verona,Stadio Dino Manuzzi,,
15,Sun Jan 3 2021,18:00,Benevento,,Milan,Stadio Ciro Vigorito,,
15,Sun Jan 3 2021,20:45,Juventus,,Udinese,Allianz Stadium,,
16,Wed Jan 6 2021,12:30,Cagliari,,Benevento,Sardegna Arena,,
16,Wed Jan 6 2021,15:00,Bologna,,Udinese,Stadio Renato Dall'Ara,,
16,Wed Jan 6 2021,15:00,Sampdoria,,Inter,Stadio Comunale Luigi Ferraris,,
16,Wed Jan 6 2021,15:00,Atalanta,,Parma,Stadio Atleti Azzurri d'Italia,,
16,Wed Jan 6 2021,15:00,Lazio,,Fiorentina,Stadio Olimpico,,
16,Wed Jan 6 2021,15:00,Sassuolo,,Genoa,Stadio Città del Tricolore,,
16,Wed Jan 6 2021,15:00,Crotone,,Roma,Stadio Ezio Scida,,
16,Wed Jan 6 2021,15:00,Torino,,Hellas Verona,Stadio Olimpico di Torino,,
16,Wed Jan 6 2021,18:00,Napoli,,Spezia,Stadio San Paolo,,
16,Wed Jan 6 2021,20:45,Milan,,Juventus,Stadio Giuseppe Meazza,,
17,Sat Jan 9 2021,20:45,Roma,,Inter,Stadio Olimpico,,
17,Sun Jan 10 2021,,Udinese,,Napoli,Dacia Arena,,
17,Sun Jan 10 2021,,Spezia,,Sampdoria,Stadio Dino Manuzzi,,
17,Sun Jan 10 2021,,Genoa,,Bologna,Stadio Comunale Luigi Ferraris,,
17,Sun Jan 10 2021,,Fiorentina,,Cagliari,Stadio Artemio Franchi,,
17,Sun Jan 10 2021,,Parma,,Lazio,Stadio Ennio Tardini,,
17,Sun Jan 10 2021,,Benevento,,Atalanta,Stadio Ciro Vigorito,,
17,Sun Jan 10 2021,,Hellas Verona,,Crotone,Stadio Marc'Antonio Bentegodi,,
17,Sun Jan 10 2021,,Juventus,,Sassuolo,Allianz Stadium,,
17,Sun Jan 10 2021,,Milan,,Torino,Stadio Giuseppe Meazza,,
18,Sun Jan 17 2021,,Sampdoria,,Udinese,Stadio Comunale Luigi Ferraris,,
18,Sun Jan 17 2021,,Lazio,,Roma,Stadio Olimpico,,
18,Sun Jan 17 2021,,Cagliari,,Milan,Sardegna Arena,,
18,Sun Jan 17 2021,,Torino,,Spezia,Stadio Olimpico di Torino,,
18,Sun Jan 17 2021,,Crotone,,Benevento,Stadio Ezio Scida,,
18,Sun Jan 17 2021,,Bologna,,Hellas Verona,Stadio Renato Dall'Ara,,
18,Sun Jan 17 2021,,Atalanta,,Genoa,Stadio Atleti Azzurri d'Italia,,
18,Sun Jan 17 2021,,Napoli,,Fiorentina,Stadio San Paolo,,
18,Sun Jan 17 2021,,Sassuolo,,Parma,Stadio Città del Tricolore,,
18,Sun Jan 17 2021,20:45,Inter,,Juventus,Stadio Giuseppe Meazza,,
19,Sun Jan 24 2021,,Roma,,Spezia,Stadio Olimpico,,
19,Sun Jan 24 2021,,Milan,,Atalanta,Stadio Giuseppe Meazza,,
19,Sun Jan 24 2021,,Benevento,,Torino,Stadio Ciro Vigorito,,
19,Sun Jan 24 2021,,Genoa,,Cagliari,Stadio Comunale Luigi Ferraris,,
19,Sun Jan 24 2021,,Parma,,Sampdoria,Stadio Ennio Tardini,,
19,Sun Jan 24 2021,,Udinese,,Inter,Dacia Arena,,
19,Sun Jan 24 2021,,Fiorentina,,Crotone,Stadio Artemio Franchi,,
19,Sun Jan 24 2021,,Hellas Verona,,Napoli,Stadio Marc'Antonio Bentegodi,,
19,Sun Jan 24 2021,,Lazio,,Sassuolo,Stadio Olimpico,,
19,Sun Jan 24 2021,,Juventus,,Bologna,Allianz Stadium,,
20,Sun Jan 31 2021,,Torino,,Fiorentina,Stadio Olimpico di Torino,,
20,Sun Jan 31 2021,,Spezia,,Udinese,Stadio Dino Manuzzi,,
20,Sun Jan 31 2021,,Atalanta,,Lazio,Stadio Atleti Azzurri d'Italia,,
20,Sun Jan 31 2021,,Crotone,,Genoa,Stadio Ezio Scida,,
20,Sun Jan 31 2021,,Sampdoria,,Juventus,Stadio Comunale Luigi Ferraris,,
20,Sun Jan 31 2021,,Bologna,,Milan,Stadio Renato Dall'Ara,,
20,Sun Jan 31 2021,,Cagliari,,Sassuolo,Sardegna Arena,,
20,Sun Jan 31 2021,,Napoli,,Parma,Stadio San Paolo,,
20,Sun Jan 31 2021,,Inter,,Benevento,Stadio Giuseppe Meazza,,
20,Sun Jan 31 2021,,Roma,,Hellas Verona,Stadio Olimpico,,
21,Sun Feb 7 2021,,Benevento,,Sampdoria,Stadio Ciro Vigorito,,
21,Sun Feb 7 2021,,Milan,,Crotone,Stadio Giuseppe Meazza,,
21,Sun Feb 7 2021,,Sassuolo,,Spezia,Stadio Città del Tricolore,,
21,Sun Feb 7 2021,,Lazio,,Cagliari,Stadio Olimpico,,
21,Sun Feb 7 2021,,Atalanta,,Torino,Stadio Atleti Azzurri d'Italia,,
21,Sun Feb 7 2021,,Genoa,,Napoli,Stadio Comunale Luigi Ferraris,,
21,Sun Feb 7 2021,,Udinese,,Hellas Verona,Dacia Arena,,
21,Sun Feb 7 2021,,Fiorentina,,Inter,Stadio Artemio Franchi,,
21,Sun Feb 7 2021,,Parma,,Bologna,Stadio Ennio Tardini,,
21,Sun Feb 7 2021,20:45,Juventus,,Roma,Allianz Stadium,,
22,Sun Feb 14 2021,,Crotone,,Sassuolo,Stadio Ezio Scida,,
22,Sun Feb 14 2021,,Torino,,Genoa,Stadio Olimpico di Torino,,
22,Sun Feb 14 2021,,Sampdoria,,Fiorentina,Stadio Comunale Luigi Ferraris,,
22,Sun Feb 14 2021,,Inter,,Lazio,Stadio Giuseppe Meazza,,
22,Sun Feb 14 2021,,Bologna,,Benevento,Stadio Renato Dall'Ara,,
22,Sun Feb 14 2021,,Cagliari,,Atalanta,Sardegna Arena,,
22,Sun Feb 14 2021,,Hellas Verona,,Parma,Stadio Marc'Antonio Bentegodi,,
22,Sun Feb 14 2021,,Roma,,Udinese,Stadio Olimpico,,
22,Sun Feb 14 2021,,Spezia,,Milan,Stadio Dino Manuzzi,,
22,Sun Feb 14 2021,20:45,Napoli,,Juventus,Stadio San Paolo,,
23,Sat Feb 20 2021,20:45,Milan,,Inter,Stadio Giuseppe Meazza,,
23,Sun Feb 21 2021,,Benevento,,Roma,Stadio Ciro Vigorito,,
23,Sun Feb 21 2021,,Atalanta,,Napoli,Stadio Atleti Azzurri d'Italia,,
23,Sun Feb 21 2021,,Fiorentina,,Spezia,Stadio Artemio Franchi,,
23,Sun Feb 21 2021,,Parma,,Udinese,Stadio Ennio Tardini,,
23,Sun Feb 21 2021,,Sassuolo,,Bologna,Stadio Città del Tricolore,,
23,Sun Feb 21 2021,,Lazio,,Sampdoria,Stadio Olimpico,,
23,Sun Feb 21 2021,,Genoa,,Hellas Verona,Stadio Comunale Luigi Ferraris,,
23,Sun Feb 21 2021,,Cagliari,,Torino,Sardegna Arena,,
23,Sun Feb 21 2021,,Juventus,,Crotone,Allianz Stadium,,
24,Sun Feb 28 2021,,Napoli,,Benevento,Stadio San Paolo,,
24,Sun Feb 28 2021,,Bologna,,Lazio,Stadio Renato Dall'Ara,,
24,Sun Feb 28 2021,,Udinese,,Fiorentina,Dacia Arena,,
24,Sun Feb 28 2021,,Sampdoria,,Atalanta,Stadio Comunale Luigi Ferraris,,
24,Sun Feb 28 2021,,Hellas Verona,,Juventus,Stadio Marc'Antonio Bentegodi,,
24,Sun Feb 28 2021,,Spezia,,Parma,Stadio Dino Manuzzi,,
24,Sun Feb 28 2021,,Inter,,Genoa,Stadio Giuseppe Meazza,,
24,Sun Feb 28 2021,,Torino,,Sassuolo,Stadio Olimpico di Torino,,
24,Sun Feb 28 2021,,Crotone,,Cagliari,Stadio Ezio Scida,,
24,Sun Feb 28 2021,,Roma,,Milan,Stadio Olimpico,,
25,Wed Mar 3 2021,,Benevento,,Hellas Verona,Stadio Ciro Vigorito,,
25,Wed Mar 3 2021,,Atalanta,,Crotone,Stadio Atleti Azzurri d'Italia,,
25,Wed Mar 3 2021,,Milan,,Udinese,Stadio Giuseppe Meazza,,
25,Wed Mar 3 2021,,Genoa,,Sampdoria,Stadio Comunale Luigi Ferraris,,
25,Wed Mar 3 2021,,Parma,,Inter,Stadio Ennio Tardini,,
25,Wed Mar 3 2021,,Sassuolo,,Napoli,Stadio Città del Tricolore,,
25,Wed Mar 3 2021,,Lazio,,Torino,Stadio Olimpico,,
25,Wed Mar 3 2021,,Juventus,,Spezia,Allianz Stadium,,
25,Wed Mar 3 2021,,Fiorentina,,Roma,Stadio Artemio Franchi,,
25,Wed Mar 3 2021,,Cagliari,,Bologna,Sardegna Arena,,
26,Sat Mar 6 2021,20:45,Juventus,,Lazio,Allianz Stadium,,
26,Sun Mar 7 2021,,Sampdoria,,Cagliari,Stadio Comunale Luigi Ferraris,,
26,Sun Mar 7 2021,,Napoli,,Bologna,Stadio San Paolo,,
26,Sun Mar 7 2021,,Roma,,Genoa,Stadio Olimpico,,
26,Sun Mar 7 2021,,Spezia,,Benevento,Stadio Dino Manuzzi,,
26,Sun Mar 7 2021,,Fiorentina,,Parma,Stadio Artemio Franchi,,
26,Sun Mar 7 2021,,Udinese,,Sassuolo,Dacia Arena,,
26,Sun Mar 7 2021,,Crotone,,Torino,Stadio Ezio Scida,,
26,Sun Mar 7 2021,,Hellas Verona,,Milan,Stadio Marc'Antonio Bentegodi,,
26,Sun Mar 7 2021,,Inter,,Atalanta,Stadio Giuseppe Meazza,,
27,Sun Mar 14 2021,,Lazio,,Crotone,Stadio Olimpico,,
27,Sun Mar 14 2021,,Bologna,,Sampdoria,Stadio Renato Dall'Ara,,
27,Sun Mar 14 2021,,Atalanta,,Spezia,Stadio Atleti Azzurri d'Italia,,
27,Sun Mar 14 2021,,Genoa,,Udinese,Stadio Comunale Luigi Ferraris,,
27,Sun Mar 14 2021,,Cagliari,,Juventus,Sardegna Arena,,
27,Sun Mar 14 2021,,Torino,,Inter,Stadio Olimpico di Torino,,
27,Sun Mar 14 2021,,Sassuolo,,Hellas Verona,Stadio Città del Tricolore,,
27,Sun Mar 14 2021,,Parma,,Roma,Stadio Ennio Tardini,,
27,Sun Mar 14 2021,,Benevento,,Fiorentina,Stadio Ciro Vigorito,,
27,Sun Mar 14 2021,20:45,Milan,,Napoli,Stadio Giuseppe Meazza,,
28,Sun Mar 21 2021,,Spezia,,Cagliari,Stadio Dino Manuzzi,,
28,Sun Mar 21 2021,,Sampdoria,,Torino,Stadio Comunale Luigi Ferraris,,
28,Sun Mar 21 2021,,Fiorentina,,Milan,Stadio Artemio Franchi,,
28,Sun Mar 21 2021,,Inter,,Sassuolo,Stadio Giuseppe Meazza,,
28,Sun Mar 21 2021,,Parma,,Genoa,Stadio Ennio Tardini,,
28,Sun Mar 21 2021,,Hellas Verona,,Atalanta,Stadio Marc'Antonio Bentegodi,,
28,Sun Mar 21 2021,,Juventus,,Benevento,Allianz Stadium,,
28,Sun Mar 21 2021,,Udinese,,Lazio,Dacia Arena,,
28,Sun Mar 21 2021,,Roma,,Napoli,Stadio Olimpico,,
28,Sun Mar 21 2021,,Crotone,,Bologna,Stadio Ezio Scida,,
29,Sat Apr 3 2021,,Torino,,Juventus,Stadio Olimpico di Torino,,
29,Sat Apr 3 2021,,Sassuolo,,Roma,Stadio Città del Tricolore,,
29,Sat Apr 3 2021,,Cagliari,,Hellas Verona,Sardegna Arena,,
29,Sat Apr 3 2021,,Atalanta,,Udinese,Stadio Atleti Azzurri d'Italia,,
29,Sat Apr 3 2021,,Benevento,,Parma,Stadio Ciro Vigorito,,
29,Sat Apr 3 2021,,Lazio,,Spezia,Stadio Olimpico,,
29,Sat Apr 3 2021,,Milan,,Sampdoria,Stadio Giuseppe Meazza,,
29,Sat Apr 3 2021,,Genoa,,Fiorentina,Stadio Comunale Luigi Ferraris,,
29,Sat Apr 3 2021,,Napoli,,Crotone,Stadio San Paolo,,
29,Sat Apr 3 2021,,Bologna,,Inter,Stadio Renato Dall'Ara,,
30,Sun Apr 11 2021,,Juventus,,Genoa,Allianz Stadium,,
30,Sun Apr 11 2021,,Udinese,,Torino,Dacia Arena,,
30,Sun Apr 11 2021,,Roma,,Bologna,Stadio Olimpico,,
30,Sun Apr 11 2021,,Spezia,,Crotone,Stadio Dino Manuzzi,,
30,Sun Apr 11 2021,,Benevento,,Sassuolo,Stadio Ciro Vigorito,,
30,Sun Apr 11 2021,,Sampdoria,,Napoli,Stadio Comunale Luigi Ferraris,,
30,Sun Apr 11 2021,,Inter,,Cagliari,Stadio Giuseppe Meazza,,
30,Sun Apr 11 2021,,Hellas Verona,,Lazio,Stadio Marc'Antonio Bentegodi,,
30,Sun Apr 11 2021,,Parma,,Milan,Stadio Ennio Tardini,,
30,Sun Apr 11 2021,,Fiorentina,,Atalanta,Stadio Artemio Franchi,,
31,Sun Apr 18 2021,,Sampdoria,,Hellas Verona,Stadio Comunale Luigi Ferraris,,
31,Sun Apr 18 2021,,Bologna,,Spezia,Stadio Renato Dall'Ara,,
31,Sun Apr 18 2021,,Sassuolo,,Fiorentina,Stadio Città del Tricolore,,
31,Sun Apr 18 2021,,Atalanta,,Juventus,Stadio Atleti Azzurri d'Italia,,
31,Sun Apr 18 2021,,Torino,,Roma,Stadio Olimpico di Torino,,
31,Sun Apr 18 2021,,Cagliari,,Parma,Sardegna Arena,,
31,Sun Apr 18 2021,,Milan,,Genoa,Stadio Giuseppe Meazza,,
31,Sun Apr 18 2021,,Lazio,,Benevento,Stadio Olimpico,,
31,Sun Apr 18 2021,,Crotone,,Udinese,Stadio Ezio Scida,,
31,Sun Apr 18 2021,20:45,Napoli,,Inter,Stadio San Paolo,,
32,Wed Apr 21 2021,,Juventus,,Parma,Allianz Stadium,,
32,Wed Apr 21 2021,,Hellas Verona,,Fiorentina,Stadio Marc'Antonio Bentegodi,,
32,Wed Apr 21 2021,,Spezia,,Inter,Stadio Dino Manuzzi,,
32,Wed Apr 21 2021,,Napoli,,Lazio,Stadio San Paolo,,
32,Wed Apr 21 2021,,Genoa,,Benevento,Stadio Comunale Luigi Ferraris,,
32,Wed Apr 21 2021,,Roma,,Atalanta,Stadio Olimpico,,
32,Wed Apr 21 2021,,Udinese,,Cagliari,Dacia Arena,,
32,Wed Apr 21 2021,,Milan,,Sassuolo,Stadio Giuseppe Meazza,,
32,Wed Apr 21 2021,,Crotone,,Sampdoria,Stadio Ezio Scida,,
32,Wed Apr 21 2021,,Bologna,,Torino,Stadio Renato Dall'Ara,,
33,Sun Apr 25 2021,,Genoa,,Spezia,Stadio Comunale Luigi Ferraris,,
33,Sun Apr 25 2021,,Torino,,Napoli,Stadio Olimpico di Torino,,
33,Sun Apr 25 2021,,Atalanta,,Bologna,Stadio Atleti Azzurri d'Italia,,
33,Sun Apr 25 2021,,Parma,,Crotone,Stadio Ennio Tardini,,
33,Sun Apr 25 2021,,Fiorentina,,Juventus,Stadio Artemio Franchi,,
33,Sun Apr 25 2021,,Inter,,Hellas Verona,Stadio Giuseppe Meazza,,
33,Sun Apr 25 2021,,Benevento,,Udinese,Stadio Ciro Vigorito,,
33,Sun Apr 25 2021,,Sassuolo,,Sampdoria,Stadio Città del Tricolore,,
33,Sun Apr 25 2021,,Lazio,,Milan,Stadio Olimpico,,
33,Sun Apr 25 2021,,Cagliari,,Roma,Sardegna Arena,,
34,Sun May 2 2021,,Hellas Verona,,Spezia,Stadio Marc'Antonio Bentegodi,,
34,Sun May 2 2021,,Napoli,,Cagliari,Stadio San Paolo,,
34,Sun May 2 2021,,Lazio,,Genoa,Stadio Olimpico,,
34,Sun May 2 2021,,Milan,,Benevento,Stadio Giuseppe Meazza,,
34,Sun May 2 2021,,Torino,,Parma,Stadio Olimpico di Torino,,
34,Sun May 2 2021,,Sassuolo,,Atalanta,Stadio Città del Tricolore,,
34,Sun May 2 2021,,Udinese,,Juventus,Dacia Arena,,
34,Sun May 2 2021,,Bologna,,Fiorentina,Stadio Renato Dall'Ara,,
34,Sun May 2 2021,,Sampdoria,,Roma,Stadio Comunale Luigi Ferraris,,
34,Sun May 2 2021,,Crotone,,Inter,Stadio Ezio Scida,,
35,Sun May 9 2021,,Spezia,,Napoli,Stadio Dino Manuzzi,,
35,Sun May 9 2021,,Udinese,,Bologna,Dacia Arena,,
35,Sun May 9 2021,,Fiorentina,,Lazio,Stadio Artemio Franchi,,
35,Sun May 9 2021,,Benevento,,Cagliari,Stadio Ciro Vigorito,,
35,Sun May 9 2021,,Parma,,Atalanta,Stadio Ennio Tardini,,
35,Sun May 9 2021,,Hellas Verona,,Torino,Stadio Marc'Antonio Bentegodi,,
35,Sun May 9 2021,,Roma,,Crotone,Stadio Olimpico,,
35,Sun May 9 2021,,Inter,,Sampdoria,Stadio Giuseppe Meazza,,
35,Sun May 9 2021,,Genoa,,Sassuolo,Stadio Comunale Luigi Ferraris,,
35,Sun May 9 2021,20:45,Juventus,,Milan,Allianz Stadium,,
36,Wed May 12 2021,,Atalanta,,Benevento,Stadio Atleti Azzurri d'Italia,,
36,Wed May 12 2021,,Sampdoria,,Spezia,Stadio Comunale Luigi Ferraris,,
36,Wed May 12 2021,,Torino,,Milan,Stadio Olimpico di Torino,,
36,Wed May 12 2021,,Crotone,,Hellas Verona,Stadio Ezio Scida,,
36,Wed May 12 2021,,Cagliari,,Fiorentina,Sardegna Arena,,
36,Wed May 12 2021,,Sassuolo,,Juventus,Stadio Città del Tricolore,,
36,Wed May 12 2021,,Lazio,,Parma,Stadio Olimpico,,
36,Wed May 12 2021,,Napoli,,Udinese,Stadio San Paolo,,
36,Wed May 12 2021,,Bologna,,Genoa,Stadio Renato Dall'Ara,,
36,Wed May 12 2021,19:45,Inter,,Roma,Stadio Giuseppe Meazza,,
37,Sun May 16 2021,,Fiorentina,,Napoli,Stadio Artemio Franchi,,
37,Sun May 16 2021,,Genoa,,Atalanta,Stadio Comunale Luigi Ferraris,,
37,Sun May 16 2021,,Roma,,Lazio,Stadio Olimpico,,
37,Sun May 16 2021,,Spezia,,Torino,Stadio Dino Manuzzi,,
37,Sun May 16 2021,,Parma,,Sassuolo,Stadio Ennio Tardini,,
37,Sun May 16 2021,,Udinese,,Sampdoria,Dacia Arena,,
37,Sun May 16 2021,,Hellas Verona,,Bologna,Stadio Marc'Antonio Bentegodi,,
37,Sun May 16 2021,,Milan,,Cagliari,Stadio Giuseppe Meazza,,
37,Sun May 16 2021,,Benevento,,Crotone,Stadio Ciro Vigorito,,
37,Sun May 16 2021,20:45,Juventus,,Inter,Allianz Stadium,,
38,Sun May 23 2021,,Sassuolo,,Lazio,Stadio Città del Tricolore,,
38,Sun May 23 2021,,Torino,,Benevento,Stadio Olimpico di Torino,,
38,Sun May 23 2021,,Napoli,,Hellas Verona,Stadio San Paolo,,
38,Sun May 23 2021,,Crotone,,Fiorentina,Stadio Ezio Scida,,
38,Sun May 23 2021,,Inter,,Udinese,Stadio Giuseppe Meazza,,
38,Sun May 23 2021,,Cagliari,,Genoa,Sardegna Arena,,
38,Sun May 23 2021,,Sampdoria,,Parma,Stadio Comunale Luigi Ferraris,,
38,Sun May 23 2021,,Atalanta,,Milan,Stadio Atleti Azzurri d'Italia,,
38,Sun May 23 2021,,Spezia,,Roma,Stadio Dino Manuzzi,,
38,Sun May 23 2021,,Bologna,,Juventus,Stadio Renato Dall'Ara,,
